<?xml version="1.0" encoding="UTF-8"?>
<beans:beans xmlns="http://www.springframework.org/schema/mvc"
   xmlns:xsi="http://www.w3.org/2001/XMLSchema-instance"
   xmlns:beans="http://www.springframework.org/schema/beans"
   xmlns:p="http://www.springframework.org/schema/p"
   xmlns:context="http://www.springframework.org/schema/context"
   xsi:schemaLocation="http://www.springframework.org/schema/mvc http://www.springframework.org/schema/mvc/spring-mvc.xsd
      http://www.springframework.org/schema/beans http://www.springframework.org/schema/beans/spring-beans.xsd
      http://www.springframework.org/schema/context http://www.springframework.org/schema/context/spring-context.xsd">

   <!-- DispatcherServlet Context: defines this servlet's request-processing infrastructure -->
   
   <!-- Enables the Spring MVC @Controller programming model -->
   <annotation-driven />

   <!-- Handles HTTP GET requests for /resources/** by efficiently serving up static resources in the ${webappRoot}/resources directory -->
   <resources mapping="/resources/**" location="/resources/" />
   
   <!-- 메인 페이지 설정 -->
   <view-controller path="/main/main.do" view-name="main"/>   
   
   <context:component-scan base-package="kr.spring.member.controller" />
   <context:component-scan base-package="kr.spring.board.controller" />
   
   <beans:bean name="tilesConfigurer" class="org.springframework.web.servlet.view.tiles3.TilesConfigurer">
      <beans:property name="definitions">
         <beans:list>
            <beans:value>/WEB-INF/tiles-def/main.xml</beans:value>
            <beans:value>/WEB-INF/tiles-def/member.xml</beans:value>
            <beans:value>/WEB-INF/tiles-def/board.xml</beans:value>
         </beans:list>
      </beans:property>
   </beans:bean>
   
   <beans:bean name="viewResolver" class="org.springframework.web.servlet.view.UrlBasedViewResolver">
      <beans:property name="viewClass" value="org.springframework.web.servlet.view.tiles3.TilesView"/>
      <beans:property name="order" value="1"/>
   </beans:bean>
   
   <!-- popup창 또는 Ajax통신 등 타일스를 이용하지 않고 JSP를 호출해야 하는 경우 -->
    <beans:bean class="org.springframework.web.servlet.view.InternalResourceViewResolver">
      <beans:property name="prefix" value="/WEB-INF/views/" />
      <beans:property name="suffix" value=".jsp" />
      <beans:property name="order" value="2"/>
   </beans:bean>
   
   <!-- 파일 다운로드 -->
   <beans:bean class="org.springframework.web.servlet.view.BeanNameViewResolver" p:order="0">
   
   </beans:bean> 
   
   <!-- 파일 업로드 -->
   <beans:bean id="multipartResolver" class="org.springframework.web.multipart.commons.CommonsMultipartResolver">
      <beans:property name="maxUploadSize" value="52428800"/>
      <beans:property name="defaultEncoding" value="UTF-8"/>
   </beans:bean>
   
   <!-- 메세지 처리 -->
   <beans:bean name="messageSource" class="org.springframework.context.support.ResourceBundleMessageSource">
      <beans:property name="basenames">
         <beans:list>
            <beans:value>messages.validation</beans:value>
         </beans:list>
      </beans:property>
   </beans:bean>   

   <!-- 로그인 여부 체크 -->
   <interceptors>
      <interceptor>
         <mapping path="/member/detail.do"/>
         <mapping path="/member/update.do"/>
         <mapping path="/member/delete.do"/>
         <mapping path="/board/wirte.do"/>
         <mapping path="/board/update.do"/>
         <mapping path="/board/delete.do"/>
         <beans:bean class="kr.spring.interceptor.LoginCheckInterceptor"/>
      </interceptor>
   </interceptors>

</beans:beans>