<?xml version="1.0" encoding="UTF-8" ?>  
<!DOCTYPE mapper   
    PUBLIC "-//mybatis.org//DTD Mapper 3.0//EN"   
    "http://mybatis.org/dtd/mybatis-3-mapper.dtd">  
<!-- 네임스페이스는 MemberMapper.xml과 맵핑되는 인터페이스명을 package를 포함해서 명시함 불일치시 오류 발생 -->    
<mapper namespace="kr.spring.board.dao.BoardMapper">
	<!-- xml 파일로 하는 mybatis 방법 -->
	<!-- id는 해당 메서드 명을 써줘야 함 -->
	<select id="list" parameterType="map" resultType="boardCommand">
		SELECT
			*
		FROM (SELECT 
				a.*,
				rownum rnum 
				FROM(SELECT 
						b.num,
						<![CDATA[
						REPLACE(REPLACE(b.title,'<','&lt;'),'>','&gt;') title,
						]]>
						b.hit,
						b.regdate,
						b.id,
						r.reply_cnt
					 FROM spboard b LEFT JOIN (SELECT num, count(*) reply_cnt 
					 							FROM spboard_reply
					 							GROUP BY num)r
					 ON b.num = r.num
					 
					 <where>
					 	<if test="keyword != '' and keyfield=='title'">
					 	b.title like '%' ||#{keyword}|| '%'
					 	</if>
					 	<if test="keyword != '' and keyfield=='id'">
					 	b.id like '%' ||#{keyword}|| '%'
					 	</if>
					 	<if test="keyword != '' and keyfield=='content'">
					 	b.content like '%' ||#{keyword}|| '%'
					 	</if>
					 </where>
					 ORDER BY b.num DESC)a)
		<![CDATA[		
		WHERE rnum >= #{start} AND rnum <=#{end}
		]]>
	</select>
	<select id="getRowCount" parameterType="map" resultType="integer">
		SELECT
			count(*)
		FROM spboard
		<where>
		 	<if test="keyword != '' and keyfield=='title'">
		 	title like '%' ||#{keyword}|| '%'
		 	</if>
		 	<if test="keyword != '' and keyfield=='id'">
		 	id like '%' ||#{keyword}|| '%'
		 	</if>
		 	<if test="keyword != '' and keyfield=='content'">
		 	content like '%' ||#{keyword}|| '%'
		 	</if>
		 </where>
	</select>
	<!-- id= 메서드 명 -->
	<select id="listReply" parameterType="map" resultType="boardReplyCommand">
		SELECT
			*
		FROM (SELECT 
				a.*,
				rownum rnum
			 FROM(SELECT
			 		*
			 	  FROM spboard_reply
			 	  WHERE num = #{num}
			 	  ORDER BY re_num DESC)a)
		<![CDATA[
		WHERE rnum >= #{start} AND rnum <=#{end}
		]]>
	</select>
</mapper>

